Name,Hub,Title,Pathname,Description
PPOrangeNodes,,Physics Playground Proficiency Model,PP-OrangeNodes-6.dne,Penultimate Proficiency Model
AnnoyingLever,PPOrangeNodes,Annoying Lever,AnnoyingLeverEM.dne,
AroundTheTree,PPOrangeNodes,Around the Tree,AroundTheTreeEM.dne,
Attic,PPOrangeNodes,Attic,AtticEM.dne,
Balance,PPOrangeNodes,Balance,BalanceEM.dne,
Bowtie,PPOrangeNodes,Bowtie,BowtieEM.dne,
Caveman,PPOrangeNodes,Caveman,CavemanEM.dne,
ChocolateFactory,PPOrangeNodes,Chocolate Factory,ChocolateFacotryEM.dne,
Collision,PPOrangeNodes,Collision,CollisionEM.dne,
Fireworks,PPOrangeNodes,Fireworks,FireworksEM.dne,
Florida,PPOrangeNodes,Florida,FloridaEM.dne,
